Step,Loss
0,4333.19921875
100,2742.1884765625
200,2582.3369140625
300,2516.077392578125
400,2478.6025390625
500,2454.53857421875
600,2437.1005859375
700,2423.773193359375
800,2413.134765625
900,2404.3525390625
1000,2396.97705078125
1100,2390.708984375
1200,2385.154052734375
1300,2380.31201171875
1400,2375.99609375
1500,2372.25537109375
1600,2368.904296875
1700,2365.916015625
1800,2363.2119140625
1900,2360.74755859375
2000,2358.4990234375
2100,2356.4619140625
2200,2354.59619140625
2300,2352.926513671875
2400,2351.39453125
2500,2350.0
2600,2348.679931640625
2700,2347.482421875
2800,2346.41015625
2900,2345.41357421875
3000,2344.494873046875
